"store_id","region","floor_area_sqm","weekly_margin_k"
"S3973","west",230.3,0.51
"S3314","central",247.7,5.08
"S1373","west",319.5,8.81
"S9810","northeast",114.6,10.73
"S1076","west",170.3,10.01
"S5825","west",114,9.21
"S6154","northeast",242.6,1.2
"S4713","southeast",252.7,4.62
"S3152","central",173.7,7.06
"S1589","northeast",210,0.77
"S3732","central",131.4,1.29
"S9987","west",270.5,2.56
"S4920","central",84.4,9.94
"S1023","southeast",202.8,10.4
"S6298","west",177.3,0.31
"S7575","northeast",173.3,2.25
"S9231","southeast",316.3,12.28
"S1082","west",161.7,2.74
"S2412","southeast",103.8,1.61
"S1713","northeast",318.3,0.34
"S1970","central",93.8,3.36
"S6173","central",66.8,10.44
"S5024","west",199.8,24.58
"S1342","southeast",175.2,4.77
"S4839","southeast",252.1,18.28
"S1871","northeast",195.7,3.18
"S8830","central",299,4.31
"S3207","northeast",212.4,19.12
"S7325","west",141.2,4.59
"S1062","northeast",233,13.99
"S4128","northeast",49.9,1.19
"S3486","west",294.3,4.72
"S6930","west",175.8,7.7
"S1194","west",269.6,16.11
"S7374","northeast",304.6,20.71
"S3420","west",151.7,12.16
"S1936","northeast",138.9,0.5
"S3504","northeast",89.9,18.64
"S7467","west",280.7,11.73
"S6163","central",286.4,17.96
"S3580","west",85.9,11.64
"S9061","central",316.4,10.89
"S5498","northeast",245.5,8.95
"S8850","central",229.2,25.34
"S2948","northeast",264.9,7.12
"S2170","west",107,12.55
"S8475","northeast",161.5,1.45
"S8704","southeast",262.5,12.17
"S9652","southeast",237.5,14.18
"S9346","central",126.5,7.22
"S5725","west",211.4,29.1
"S9957","southeast",202.6,10.82
"S4097","central",285.3,3.42
"S2890","southeast",319.2,17.39
"S8533","northeast",289.1,0.3
"S8814","west",308.5,16.63
"S3235","west",121.9,15.15
"S7452","west",163.5,4.15
"S3531","west",143.5,26.1
"S1202","west",111.5,5.05
"S1087","west",218.1,12.23
"S2263","southeast",170.3,4.19
"S2593","southeast",183.4,2.46
"S7499","central",241.2,14.21
"S3581","west",229.1,7.06
"S7826","central",76.2,10.77
"S6671","central",278.3,1.5
"S1910","northeast",237,1.91
"S2865","southeast",142,6.11
"S2453","southeast",115.1,2.92
"S6740","central",46.1,3.07
"S1892","southeast",196.3,9.29
"S9107","southeast",272,20.88
"S5387","west",319.6,20.56
"S2471","northeast",297.7,7.57
"S2654","west",120,0.82
"S6051","northeast",62.4,3.12
"S8757","southeast",193.9,18.03
"S5116","southeast",143,6.77
"S6033","northeast",136.7,4.3
"S2000","west",96,1.68
"S1088","west",207.8,12.48
"S1052","northeast",262.1,28.62
"S6854","central",296.9,17.29
"S6229","northeast",222.9,18.35
"S6675","central",183.4,19.69
"S7492","southeast",90.6,3.51
"S1840","central",314.9,23
"S8385","northeast",82.6,14.95
"S4206","central",159.2,15.65
"S9102","southeast",207.7,13.85
"S8303","southeast",300.3,14.79
"S9743","central",241.2,1.54
"S7265","southeast",302,3.15
"S5404","southeast",83.6,11.06
"S6557","west",84.5,13.42
"S6473","central",104.7,9.99
"S7212","southeast",283.9,23.15
"S1778","southeast",186.3,5.23
"S7784","west",44.2,2.92
"S4062","central",105.2,8.68
"S6734","southeast",154.4,6.33
"S4163","northeast",99,3.69
"S6314","west",277.2,8.62
"S7936","southeast",149.5,4.96
"S5623","northeast",90.3,1.2
"S7862","central",198.2,12.92
"S8625","northeast",243.4,8.62
"S5606","west",308.5,29.73
"S8448","southeast",113.8,8.4
"S8200","west",142.7,0.88
"S6989","west",167.8,15.07
"S1095","northeast",48.6,9.25
"S6403","southeast",147.1,6.29
"S2043","northeast",206.4,10.29
"S9073","northeast",301.6,17.09
"S9720","southeast",213.8,10.96
"S2610","northeast",111.7,4.82
"S4438","central",189.3,5.66
"S3750","southeast",220.8,10.9
"S3972","west",159.3,1.45
"S2577","northeast",134.7,13.72
"S1855","west",308.3,22.26
"S2796","southeast",184.9,17.4
"S7025","west",158.7,14.99
"S1111","west",297.3,8.36
"S1800","northeast",50.3,8.57
"S9971","central",69.9,8.47
"S6790","northeast",255.4,2.99
"S3588","central",227.4,6.92
"S7690","west",181.2,7.5
"S4080","central",115.1,1.6
"S3242","northeast",306.4,24.62
"S8458","west",250,2.98
"S1338","west",192.1,4.93
"S9804","southeast",90.8,3.63
"S5912","southeast",275.7,16.31
"S8153","west",225.1,25.57
"S4553","southeast",138.3,17.45
"S8252","west",232.9,19.77
"S3571","central",271.5,13.22
"S4292","west",215,1.13
"S7789","central",113.7,4.23
"S6118","west",311.9,26.94
"S1770","west",304.6,11.49
"S9608","west",188.4,4.41
"S4261","west",218.4,3.82
"S4867","northeast",268.6,19.3
"S8394","southeast",282.3,31.25
"S1162","central",99,17.94
"S3609","northeast",186.6,12.86
"S9774","west",289.4,14.22
"S5547","southeast",58,5.32
"S4254","northeast",172.9,7.5
"S8165","northeast",301.7,19.63
"S4564","central",51,9.45
"S9571","central",108.6,5.66
"S9915","central",173,13.47
"S3021","southeast",121.2,3.13
"S4916","northeast",60.6,13.09
"S8623","central",266.6,6.69
"S8572","northeast",316.1,18.17
"S4535","southeast",126.3,12.33
"S9495","northeast",68,8.33
"S7693","northeast",284,8.65
"S1629","southeast",114.2,14.67
"S5818","west",250.6,6.01
"S5966","central",261.1,7.6
"S5083","west",114.5,7.14
"S1940","southeast",113.5,0.12
"S5048","northeast",95.9,7.22
"S5434","west",92.4,16.09
"S4344","west",197.8,5.45
"S1141","west",44.5,5.53
"S6050","southeast",281.2,11.35
"S4004","west",174.3,0.32
"S3540","west",290.8,15.98
"S9289","west",196.2,12.44
"S3985","northeast",269.7,10.3
"S8482","northeast",65.7,2.28
"S3482","southeast",238.3,15.67
"S4858","central",244.5,4.73
"S9497","central",115.4,7.26
"S9007","west",145.5,1.95
"S7208","southeast",291.2,18.06
"S8134","west",156.2,2.6
"S7818","southeast",315.7,17.55
"S7468","southeast",149.4,2.78
"S9277","southeast",133.1,12
"S8454","southeast",277.5,23.92
"S4138","central",288,7.74
"S2503","southeast",303.7,12.3
"S8770","northeast",295.3,4.3
"S8639","southeast",112,12.48
"S3387","southeast",219.1,14.76
"S7566","northeast",174,6.89
"S4764","west",86.5,4.27
"S9923","southeast",50.2,7.68
"S6186","southeast",170.6,10.95
"S8728","southeast",45.3,7.54
"S3173","west",177.1,1.68
"S6277","west",193,18.42
"S6166","northeast",191.1,3.12
"S9584","west",240,25.71
"S9299","southeast",154.8,17.16
"S9899","west",197.7,1.56
"S6005","west",143.3,2.03
"S4568","central",118.3,1.55
"S4895","central",234,10.52
"S8180","central",253.9,20.29
"S7895","northeast",216.4,14.61
"S4625","southeast",286.7,3.11
"S3309","southeast",71.1,13.83
"S6608","central",87.3,11.21
"S4826","west",285.9,7.78
"S1265","west",147.4,0.61
"S2726","central",179.6,9.79
"S5038","southeast",145.9,8.32
"S7438","southeast",300.8,16.78
"S6404","west",77,14.16
"S8697","central",47,7.02
"S2736","central",299.2,20.21
"S2380","southeast",225.3,5.13
"S4906","central",162.1,8.12
"S6244","central",313.3,0.98
"S2793","northeast",162.9,12.36
"S1477","northeast",49.4,9.1
"S9828","central",99.5,1.82
"S4026","northeast",292.2,17.33
"S8839","west",105.5,4.94
